{"cameraMode":{"drawMode":0,"name":"Shaded","section":"Shading Mode"},"sceneLighting":false,"audioPlay":false,"sceneViewState":{"showFog":true,"showMaterialUpdate":false,"showSkybox":false,"showFlares":true,"showImageEffects":true,"showParticleSystems":true},"in2DMode":false,"pivot":{"x":-5.690000057220459,"y":0.8805074691772461,"z":1.5929486751556397},"rotation":{"x":-0.5431883335113525,"y":-0.009093908593058586,"z":-0.005831314716488123,"w":0.839670717716217},"size":8.998444557189942,"orthographic":true}