{"cameraMode":{"drawMode":0,"name":"Shaded","section":"Shading Mode"},"sceneLighting":false,"audioPlay":false,"sceneViewState":{"showFog":true,"showMaterialUpdate":false,"showSkybox":false,"showFlares":true,"showImageEffects":true,"showParticleSystems":true},"in2DMode":false,"pivot":{"x":4.0,"y":5.960464477539063e-8,"z":-0.44999998807907107},"rotation":{"x":-0.002098867204040289,"y":-0.002699913689866662,"z":-0.000005185458576306701,"w":0.9999995231628418},"size":11.781451225280762,"orthographic":true}