{"cameraMode":{"drawMode":0,"name":"Shaded","section":"Shading Mode"},"sceneLighting":false,"audioPlay":false,"sceneViewState":{"showFog":true,"showMaterialUpdate":false,"showSkybox":false,"showFlares":true,"showImageEffects":true,"showParticleSystems":true},"in2DMode":false,"pivot":{"x":-27.473220825195314,"y":248.9558563232422,"z":402.20135498046877},"rotation":{"x":-0.1417340189218521,"y":-0.00030492848600260913,"z":-5.78719323129917e-7,"w":0.990016520023346},"size":22.0,"orthographic":true}