{"cameraMode":{"drawMode":0,"name":"Shaded","section":"Shading Mode"},"sceneLighting":false,"audioPlay":false,"sceneViewState":{"showFog":true,"showMaterialUpdate":false,"showSkybox":false,"showFlares":true,"showImageEffects":true,"showParticleSystems":true},"in2DMode":false,"pivot":{"x":0.0,"y":0.7119778394699097,"z":1.0370190143585206},"rotation":{"x":-0.2621215581893921,"y":0.0011493598576635123,"z":0.00033867559977807105,"w":0.9651265740394592},"size":5.852102756500244,"orthographic":false}