{"cameraMode":{"drawMode":0,"name":"Shaded","section":"Shading Mode"},"sceneLighting":false,"audioPlay":false,"sceneViewState":{"showFog":true,"showMaterialUpdate":false,"showSkybox":false,"showFlares":true,"showImageEffects":true,"showParticleSystems":true},"in2DMode":false,"pivot":{"x":-12.229999542236329,"y":0.9325762987136841,"z":-3.878654956817627},"rotation":{"x":-0.5431883335113525,"y":-0.009093908593058586,"z":-0.005831314716488123,"w":0.839670717716217},"size":9.71589469909668,"orthographic":true}