{"cameraMode":{"drawMode":0,"name":"Shaded","section":"Shading Mode"},"sceneLighting":false,"audioPlay":false,"sceneViewState":{"showFog":true,"showMaterialUpdate":false,"showSkybox":false,"showFlares":true,"showImageEffects":true,"showParticleSystems":true},"in2DMode":false,"pivot":{"x":6.690000057220459,"y":1.087615728378296,"z":-9.550000190734864},"rotation":{"x":-0.1417340189218521,"y":-0.00030492848600260913,"z":-5.78719323129917e-7,"w":0.990016520023346},"size":12.502516746520996,"orthographic":true}