{"cameraMode":{"drawMode":0,"name":"Shaded","section":"Shading Mode"},"sceneLighting":false,"audioPlay":false,"sceneViewState":{"showFog":true,"showMaterialUpdate":false,"showSkybox":false,"showFlares":true,"showImageEffects":true,"showParticleSystems":true},"in2DMode":false,"pivot":{"x":-6.100950241088867,"y":0.0,"z":0.4746999740600586},"rotation":{"x":-0.0770234689116478,"y":-0.013467778451740742,"z":-0.0009789038449525834,"w":0.9970566630363464},"size":7.004581928253174,"orthographic":true}