{"cameraMode":{"drawMode":0,"name":"Shaded","section":"Shading Mode"},"sceneLighting":false,"audioPlay":false,"sceneViewState":{"showFog":true,"showMaterialUpdate":false,"showSkybox":false,"showFlares":true,"showImageEffects":true,"showParticleSystems":true},"in2DMode":false,"pivot":{"x":-6.44205379486084,"y":1.4784473180770875,"z":-3.312657594680786},"rotation":{"x":-0.5228760838508606,"y":0.004847689997404814,"z":0.0029978749807924034,"w":0.8524531722068787},"size":2.3697376251220705,"orthographic":false}