{"cameraMode":{"drawMode":0,"name":"Shaded","section":"Shading Mode"},"sceneLighting":false,"audioPlay":false,"sceneViewState":{"showFog":true,"showMaterialUpdate":false,"showSkybox":false,"showFlares":true,"showImageEffects":true,"showParticleSystems":true},"in2DMode":false,"pivot":{"x":4.197720050811768,"y":-3.231217622756958,"z":-5.69664192199707},"rotation":{"x":-0.6241970062255859,"y":-0.0018759452505037189,"z":-0.0014968594769015909,"w":0.7812740802764893},"size":6.234464168548584,"orthographic":true}