{"cameraMode":{"drawMode":0,"name":"Shaded","section":"Shading Mode"},"sceneLighting":false,"audioPlay":false,"sceneViewState":{"showFog":true,"showMaterialUpdate":false,"showSkybox":false,"showFlares":true,"showImageEffects":true,"showParticleSystems":true},"in2DMode":false,"pivot":{"x":9.834766387939454e-7,"y":0.0,"z":-0.10884924232959748},"rotation":{"x":-0.5061874389648438,"y":-0.00027977346326224506,"z":-0.00011936504597542807,"w":0.8625458478927612},"size":2.716161012649536,"orthographic":true}