{"cameraMode":{"drawMode":0,"name":"Shaded","section":"Shading Mode"},"sceneLighting":false,"audioPlay":false,"sceneViewState":{"showFog":true,"showMaterialUpdate":false,"showSkybox":false,"showFlares":true,"showImageEffects":true,"showParticleSystems":true},"in2DMode":false,"pivot":{"x":29.305618286132814,"y":0.022771835327148439,"z":23.8350830078125},"rotation":{"x":-0.25918030738830569,"y":0.017086006700992585,"z":0.0046187154948711399,"w":0.9657394886016846},"size":8.751559257507325,"orthographic":false}