{"cameraMode":{"drawMode":0,"name":"Shaded","section":"Shading Mode"},"sceneLighting":false,"audioPlay":false,"sceneViewState":{"showFog":true,"showMaterialUpdate":false,"showSkybox":false,"showFlares":true,"showImageEffects":true,"showParticleSystems":true},"in2DMode":false,"pivot":{"x":0.0,"y":0.02909778617322445,"z":0.014485388994216919},"rotation":{"x":-0.33641010522842409,"y":-0.02572331577539444,"z":-0.009147030301392079,"w":0.9414331316947937},"size":0.7023096084594727,"orthographic":true}