{"cameraMode":{"drawMode":0,"name":"Shaded","section":"Shading Mode"},"sceneLighting":false,"audioPlay":false,"sceneViewState":{"showFog":true,"showMaterialUpdate":false,"showSkybox":false,"showFlares":true,"showImageEffects":true,"showParticleSystems":true},"in2DMode":false,"pivot":{"x":0.0,"y":1.0267562866210938,"z":-5.960464477539063e-8},"rotation":{"x":-0.46151432394981387,"y":-0.012266028672456742,"z":-0.006331757176667452,"w":0.8871426582336426},"size":3.8841259479522707,"orthographic":true}