{"cameraMode":{"drawMode":0,"name":"Shaded","section":"Shading Mode"},"sceneLighting":false,"audioPlay":false,"sceneViewState":{"showFog":true,"showMaterialUpdate":false,"showSkybox":false,"showFlares":true,"showImageEffects":true,"showParticleSystems":true},"in2DMode":false,"pivot":{"x":-10.920130729675293,"y":1.671743392944336,"z":6.3584675788879398},"rotation":{"x":-0.5431883335113525,"y":-0.009093908593058586,"z":-0.005831314716488123,"w":0.839670717716217},"size":6.643514633178711,"orthographic":true}