{"cameraMode":{"drawMode":0,"name":"Shaded","section":"Shading Mode"},"sceneLighting":false,"audioPlay":false,"sceneViewState":{"showFog":true,"showMaterialUpdate":false,"showSkybox":false,"showFlares":true,"showImageEffects":true,"showParticleSystems":true},"in2DMode":false,"pivot":{"x":0.00026226043701171875,"y":0.5145640969276428,"z":0.07670080661773682},"rotation":{"x":-0.5531878471374512,"y":-0.012775987386703492,"z":-0.008424406871199608,"w":0.8330376744270325},"size":2.012519121170044,"orthographic":true}