{"cameraMode":{"drawMode":0,"name":"Shaded","section":"Shading Mode"},"sceneLighting":false,"audioPlay":false,"sceneViewState":{"showFog":true,"showMaterialUpdate":false,"showSkybox":false,"showFlares":true,"showImageEffects":true,"showParticleSystems":true},"in2DMode":false,"pivot":{"x":5.579999923706055,"y":1.2630975246429444,"z":4.01059627532959},"rotation":{"x":-0.5195385217666626,"y":0.005375252105295658,"z":0.0032855828758329155,"w":0.8544716835021973},"size":5.783308029174805,"orthographic":false}