{"cameraMode":{"drawMode":0,"name":"Shaded","section":"Shading Mode"},"sceneLighting":false,"audioPlay":false,"sceneViewState":{"showFog":true,"showMaterialUpdate":false,"showSkybox":false,"showFlares":true,"showImageEffects":true,"showParticleSystems":true},"in2DMode":false,"pivot":{"x":-1.6798733472824097,"y":10.140576362609864,"z":-9.830999374389649},"rotation":{"x":-0.5393540859222412,"y":-0.037871554493904117,"z":-0.024280181154608728,"w":0.840912938117981},"size":34.380130767822269,"orthographic":false}