{"cameraMode":{"drawMode":0,"name":"Shaded","section":"Shading Mode"},"sceneLighting":false,"audioPlay":false,"sceneViewState":{"showFog":true,"showMaterialUpdate":false,"showSkybox":false,"showFlares":true,"showImageEffects":true,"showParticleSystems":true},"in2DMode":false,"pivot":{"x":3.630000114440918,"y":1.055104374885559,"z":4.012641429901123},"rotation":{"x":-0.5431883335113525,"y":-0.009093908593058586,"z":-0.005831314716488123,"w":0.839670717716217},"size":5.648738384246826,"orthographic":true}